name,volume,src_node,src_port,dst_node,dst_port
f-25,STM-4,139-方家庄电厂,12-N1SLQ4-1(SDH-1),223-灵州换流站,11-N1SLQ4-4(SDH-4)
f-24,STM-4,223-灵州换流站,8-N1SLQ4-4(SDH-4),139-方家庄电厂,7-N1SLQ4-1(SDH-1)
f-23,STM-16,221-冀官路,14-N3SL16-1(SDH-1),河北（华为）,13-SL16-1(SDH-1)
f-22,STM-16,河北（华为）,6-SL16-1(SDH-1),221-冀官路,13-N3SL16-1(SDH-1)
f-21,STM-64,26-豫洹安,7-N1SL64-1(SDH-1),221-冀官路,8-N4SL64-1(SDH-1)
f-20,STM-64,221-冀官路,7-N4SL64-1(SDH-1),26-豫洹安,12-N1SL64-1(SDH-1)
f-19,STM-64,221-冀官路,12-N4SL64-1(SDH-1),25-冀辛安,12-T2SL64-1(SDH-1)
f-18,STM-64,25-冀辛安,7-T2SL64-1(SDH-1),221-冀官路,11-N4SL64-1(SDH-1)
f-1,STM-16,501-上海庙换1,14-N4SLQ16-1(SDH-1),502-上海庙换2,8-N4SLQ16-1(SDH-1)
f-17,STM-16,国网中兴兰江2,12-SLQ16-2(SDH-2),216-兰江2（灵绍）,28-N4SLQ16-2(SDH-2)
f-15,STM-16,敦煌（西北华为）,7-SLQ16-1(SDH-1),104-敦煌变,30-N4SLQ16-1(SDH-1)
f-14,STM-1,42-白广路ZDH,14-N1SLQ1-3(SDH-3),NE10162,7-STM1-1(SDH-1)
f-13,STM-16,中兴S385,11-SL16-1(SDH-1),515-沂南换2(临沂换2),11-N4SLQ16-2(对接中兴S385备)
f-12,STM-16,中兴S385,6-SL16-1(SDH-1),515-沂南换2(临沂换2),8-N4SLQ16-2(对接中兴S385主)
f-11,STM-4,138-黎阳电厂,7-N1SLQ4-1(SDH-1),223-灵州换流站,8-N1SLQ4-3(SDH-3)
f-1,STM-4,223-灵州换流站,11-N1SLQ4-3(SDH-3),138-黎阳电厂,12-N1SLQ4-1(SDH-1)
f-10,STM-16,国网诺西      Hit7065,16-SL16-1(SDH-1),拉萨换诺西HIT7065,16-SL16-1(SDH-1)
f-9,STM-16,蒲河（东北华为）,4-SL16-1(SDH-1),3-蒲河,4-S16-1(SDH-1)
f-10,STM-16,506-绥德变1,13-N1SF16E-1(SDH-1),508-王家峪变1,14-N1SF16E-1(SDH-1)
f-8,STM-16,510-洹安变1,6-N1SF16E-1(SDH-1),508-王家峪变1,6-N1SF16E-1(SDH-1)
f-9,STM-16,510-洹安变1,13-N1SF16E-1(SDH-1),508-王家峪变1,13-N1SF16E-1(SDH-1)
f-7,STM-16,506-绥德变1,6-N1SF16E-1(SDH-1),508-王家峪变1,5-N1SF16E-1(SDH-1)
f-5,STM-16,504-统万变1,6-N3SL16-1(SDH-1),506-绥德变1,5-N3SL16-1(SDH-1)
f-6,STM-16,504-统万变1,13-N3SL16-1(SDH-1),506-绥德变1,14-N3SL16-1(SDH-1)
f-4,STM-16,501-上海庙换1,12-N1SF16E-1(SDH-1),504-统万变1,14-N1SF16E-1(SDH-1)
f-3,STM-16,501-上海庙换1,7-N1SF16E-1(SDH-1),504-统万变1,5-N1SF16E-1(SDH-1)
f-1,STM-16,501-上海庙换1,13-N4SLQ16-1(SDH-1),502-上海庙换2,7-N4SLQ16-1(SDH-1)
f-7,STM-16,3-蒲河,11-S16-1(SDH-1),蒲河（东北华为）,5-SL16-1(SDH-1)
f-8,STM-16,510-洹安变1,14-N4SLQ16-1(SDH-1),26-豫洹安,14-N2SL16-1(SDH-1)
f-7,STM-16,510-洹安变1,5-N4SLQ16-1(SDH-1),26-豫洹安,13-N2SL16-1(SDH-1)
f-6,STM-16,514-沂南换1(临沂换1),14-N4SLQ16-1(SDH-1),515-沂南换2(临沂换2),11-N4SLQ16-1(SDH-1)
f-5,STM-16,514-沂南换1(临沂换1),5-N4SLQ16-1(SDH-1),515-沂南换2(临沂换2),8-N4SLQ16-1(SDH-1)
f-3,STM-16,512-岱宗变1,6-N1SF16E-1(SDH-1),514-沂南换1(临沂换1),6-N1SF16E-1(SDH-1)
f-4,STM-16,512-岱宗变1,13-N1SF16E-1(SDH-1),514-沂南换1(临沂换1),13-N1SF16E-1(SDH-1)
f-2,STM-16,510-洹安变1,12-N1SF16E-1(SDH-1),512-岱宗变1,14-N1SF16E-1(SDH-1)
f-1,STM-16,510-洹安变1,7-N1SF16E-1(SDH-1),512-岱宗变1,5-N1SF16E-1(SDH-1)
f-5,STM-4,136-宁东二期电厂,12-N1SL4-1(SDH-1),223-灵州换流站,11-N1SLQ4-2(SDH-2)
f-4,STM-4,136-宁东二期电厂,7-N1SL4-1(SDH-1),223-灵州换流站,8-N1SLQ4-2(SDH-2)
f-5,STM-16,湖北渔峡马可尼,14-SL16-1(SDH-1),湖北斗笠马可尼,14-SL16-1(SDH-1)
f-4,STM-16,208-斗笠变,13-N3SL16-1(SDH-1),湖北斗笠马可尼,13-SL16-1(SDH-1)
f-3,STM-16,208-斗笠变,6-N3SL16-1(SDH-1),湖北斗笠马可尼,6-SL16-1(SDH-1)
f-2,STM-16,湖北渔峡马可尼,13-SL16-1(SDH-1),206-渔峡开关站,13-N3SL16-1(SDH-1)
f-1,STM-16,湖北渔峡马可尼,6-SL16-1(SDH-1),206-渔峡开关站,6-N3SL16-1(SDH-1)
f-3,STM-16,白广路烽火780A,8-SL16-1(SDH-1),37-京白广路,18-N1SLQ16-1(SDH-1)
f-2,STM-16,38-京西单,4-N1SLQ16-1(SDH-1),西单烽火780A,9-SL16-1(SDH-1)
f-1,STM-16,38-京西单,30-N1SLQ16-1(SDH-1),西单烽火780A,10-SL16-1(SDH-1)
f-2,STM-16,62-西宁变,14-N1SF16-1(SDH-1),61-武胜变,13-N1SF16-1(SDH-1)
f-1,STM-16,62-西宁变,5-N1SF16-1(SDH-1),61-武胜变,6-N1SF16-1(SDH-1)
临时光路,STM-16,124-兰州东变,17-N3SL16-1(SDH-1),60-白银变,14-N3SL16-1(SDH-1)
f-6,STM-16,206-渔峡开关站,31-N4SLQ16-1(SDH-1),渔峡中兴,10-SLQ16-1(SDH-1)
f-5,STM-16,206-渔峡开关站,30-N4SLQ16-1(SDH-1),渔峡中兴,7-SLQ16-1(SDH-1)
f-16,STM-16,351-雁门关换1,12-N4SLQ16-1(SDH-1),352-雁门关换2,11-N4SLQ16-1(SDH-1)
f-15,STM-16,351-雁门关换1,7-N4SLQ16-1(SDH-1),352-雁门关换2,8-N4SLQ16-1(SDH-1)
f-13,STM-16,353-阳泉变1,7-N1SF16E-1(雁门关换方向主用),351-雁门关换1,8-N1SF16E-1(SDH-1)
f-14,STM-16,353-阳泉变1,12-N1SF16E-1(雁门关换方向备用),351-雁门关换1,11-N1SF16E-1(SDH-1)
f-2,STM-16,355-彭村变1,12-N4SLQ16-1(SDH-1),彭村阿尔卡特1678,17-SL16-1(SDH-1)
f-1,STM-16,355-彭村变1,7-N4SLQ16-1(SDH-1),彭村阿尔卡特1678,16-SL16-1(SDH-1)
f-12,STM-16,358-金多变,12-N3SL16-1(丁楼变方向备用),359-丁楼变1,12-N3SL16-1(SDH-1)
f-11,STM-16,361-淮安换1,11-N1SF16E-1(SDH-1),359-丁楼变1,11-N1SF16E-1(SDH-1)
f-9,STM-16,358-金多变,7-N3SL16-1(丁楼变方向主用),359-丁楼变1,7-N3SL16-1(金乡变方向主用)
f-10,STM-16,361-淮安换1,8-N1SF16E-1(SDH-1),359-丁楼变1,8-N1SF16E-1(SDH-1)
f-7,STM-16,357-名府变,8-N1SF16E-1(金乡变方向主用),358-金多变,8-N1SF16E-1(名府变方向主用)
f-8,STM-16,357-名府变,11-N1SF16E-1(金乡变方向备用),358-金多变,11-N1SF16E-1(名府变方向备用)
f-5,STM-16,355-彭村变1,6-N3SL16-1(名府方向主用),357-名府变,7-N3SL16-1(彭村变方向主用)
f-6,STM-16,355-彭村变1,13-N3SL16-1(SDH-1),357-名府变,12-N3SL16-1(彭村变方向备用)
f-3,STM-16,353-阳泉变1,8-N1SF16E-1(彭村变方向主用),355-彭村变1,8-N1SF16E-1(阳泉变方向主用)
f-4,STM-16,353-阳泉变1,11-N1SF16E-1(彭村变方向备用),355-彭村变1,11-N1SF16E-1(阳泉变方向备用)
f-2,STM-16,361-淮安换1,12-N4SLQ16-1(SDH-1),362-淮安换2,11-N4SLQ16-1(SDH-1)
f-1,STM-16,361-淮安换1,7-N4SLQ16-1(SDH-1),362-淮安换2,8-N4SLQ16-1(SDH-1)
f-5,STM-4,41-西单ZDH,5-N1SLQ4-1(SDH-1),38-京西单,5-N1SLQ4-3(SDH-3)
f-2,STM-16,404-星城变,13-N4SLQ16-1(SDH-1),405-韶山换,12-N4SLQ16-1(SDH-1)
f-1,STM-16,404-星城变,6-N4SLQ16-1(SDH-1),405-韶山换,7-N4SLQ16-1(SDH-1)
f-22,STM-64,406-湖南省调,11-N4SL64-1(SDH-1),404-星城变,12-N4SL64-1(SDH-1)
f-21,STM-64,404-星城变,11-N4SL64-1(SDH-1),406-湖南省调,8-N4SL64-1(SDH-1)
f-20,STM-64,403-昆山变,12-N4SL64-1(SDH-1),404-星城变,8-N4SL64-1(SDH-1)
f-19,STM-64,403-昆山变,11-N4SL64-1(SDH-1),404-星城变,7-N4SL64-1(SDH-1)
f-18,STM-64,403-昆山变,8-N4SL64-1(SDH-1),402-汪庄余变,12-N4SL64-1(SDH-1)
f-17,STM-64,402-汪庄余变,11-N4SL64-1(SDH-1),403-昆山变,7-N4SL64-1(SDH-1)
f-16,STM-64,402-汪庄余变,8-N4SL64-1(SDH-1),34-鄂凤凰山,31-T2SL64-1(SDH-1)
f-15,STM-64,34-鄂凤凰山,30-T2SL64-1(SDH-1),402-汪庄余变,7-N4SL64-1(SDH-1)
f-13,STM-16,135-莫高变,12-N3SL16-1(SDH-1),401-祁连换,12-N4SLQ16-1(SDH-1)
f-12,STM-16,401-祁连换,7-N4SLQ16-1(SDH-1),135-莫高变,7-N3SL16-1(SDH-1)
f-1,STM-16,120-沙洲变,8-N3SL16-1(SDH-1),104-敦煌变,8-N3SL16-1(SDH-1)
f-2,STM-16,120-沙洲变,11-N3SL16-1(SDH-1),104-敦煌变,11-N3SL16-1(SDH-1)
f-9,STM-16,25-冀辛安,4-N1SLQ16-1(SDH-1),辛安-阿尔卡特,16-SLQ16-1(SDH-1)
f-8,STM-16,25-冀辛安,3-N1SLQ16-1(SDH-1),辛安-阿尔卡特,15-SLQ16-1(SDH-1)
f-7,STM-16,9001-河西变中兴,8-SLQ16-1(SDH-1),108-河西变,31-N4SLQ16-1(SDH-1)
f-6,STM-16,108-河西变,30-N4SLQ16-1(SDH-1),9001-河西变中兴,7-SLQ16-1(SDH-1)
f-5,STM-1,高培ECI,1-STM1-1(SDH-1),57-高培Metro 100 设备1,3-SFP-1(SDH-1)
f-4,STM-1,57-高培Metro 100 设备1,3-SFP-2(SDH-2),58-高培Metro 100 设备2,3-SFP-2(SDH-2)
f-3,STM-1,56-高培OSN1500,6-R1SLQ1-1(SDH-1),58-高培Metro 100 设备2,3-SFP-1(SDH-1)
f-2,STM-1,63-青海省调,16-N2SLO1-2(SDH-2),青海省调综合数据网,10-SLO1-2(SDH-2)
f-1,STM-1,63-青海省调,16-N2SLO1-1(SDH-1),青海省调综合数据网,10-SLO1-1(SDH-1)
f-4,STM-16,135-莫高变,29-N1SF16E-1(SDH-1),106-酒泉变,27-N1SF16E-1(SDH-1)
f-3,STM-16,135-莫高变,28-N1SF16E-1(SDH-1),106-酒泉变,26-N1SF16E-1(SDH-1)
f-2,STM-16,104-敦煌变,29-N3SL16-1(SDH-1),135-莫高变,27-N3SL16-1(SDH-1)
f-1,STM-16,104-敦煌变,28-N3SL16-1(SDH-1),135-莫高变,26-N3SL16-1(SDH-1)
f-1,STM-16,223-灵州换流站,28-N4SLQ16-1(SDH-1),灵州换宁夏马可尼,6-SLQ16-1(SDH-1)
f-2,STM-4,223-灵州换流站,11-N1SLQ4-1(SDH-1),134-银星电厂1,12-N1SL4-1(SDH-1)
f-1,STM-4,223-灵州换流站,8-N1SLQ4-1(SDH-1),134-银星电厂1,7-N1SL4-1(SDH-1)
f-7,STM-16,甘肃省网alcatel,11-SL16-1(SDH-1),106-酒泉变,30-N3SL16-1(SDH-1)
f-6,STM-16,46-白广路2,5-N1SLQ16-3(SDH-3),都城大厦,10-SLQ16-3(SDH-3)
f-5,STM-16,46-白广路2,4-N1SLQ16-3(SDH-3),都城大厦,9-SLQ16-3(SDH-3)
f-2,STM-16,254-西南分部,28-N4SLQ16-1(SDH-1),西南分部中兴,13-SL16-1(SDH-1)
f-1,STM-16,254-西南分部,27-N4SLQ16-1(SDH-1),西南分部中兴,12-SL16-1(SDH-1)
f-4,STM-16,227-苏州变（东吴）,29-N4SLQ16-1(SDH-1),苏州中兴S385,5-SL16-1(SDH-1)
f-3,STM-16,227-苏州变（东吴）,28-N4SLQ16-1(SDH-1),苏州中兴S385,4-SL16-1(SDH-1)
f-2,STM-16,郑州变华中烽火,13-SL16-1(SDH-1),129-嘉禾变,13-N3SL16-1(SDH-1)
f-1,STM-16,郑州变华中烽火,8-SL16-1(SDH-1),129-嘉禾变,6-N3SL16-1(SDH-1)
f-3,STM-16,227-苏州变（东吴）,12-N3SL16-1(SDH-1),301-莲塘,13-N3SL16-1(SDH-1)
f-1,STM-16,227-苏州变（东吴）,7-N3SL16-1(SDH-1),301-莲塘,6-N3SL16-1(SDH-1)
f-2,STM-16,20-京房山,6-N1SLQ16-1(SDH-1),房山阿尔卡特,7-SL16-1(SDH-1)
f-1,STM-16,20-京房山,3-N1SLQ16-1(SDH-1),房山阿尔卡特,5-SL16-1(SDH-1)
f-1,STM-1,41-西单ZDH,16-N1SLQ1-1(SDH-1),自动化路由器,6-SL1-1(SDH-1)
f-2,STM-16,117-中州换1,11-N3SL16-1(未使用-反转),130-中州换2,12-N4SLQ16-1(SDH-1)
f-1,STM-16,117-中州换1,8-N3SL16-1(SDH-1),130-中州换2,7-N4SLQ16-1(SDH-1)
f-12,STM-16,219-白银变2,12-N1SF16E-1(SDH-1),223-灵州换流站,12-N1SF16E-1(SDH-1)
f-11,STM-16,219-白银变2,7-N1SF16E-1(SDH-1),223-灵州换流站,7-N1SF16E-1(SDH-1)
f-10,STM-16,60-白银变,11-N4SLQ16-1(SDH-1),219-白银变2,11-N4SLQ16-1(SDH-1)
f-9,STM-16,60-白银变,8-N4SLQ16-1(SDH-1),219-白银变2,8-N4SLQ16-1(SDH-1)
f-8,STM-16,222-绍兴换,29-N4SLQ16-2(SDH-2),绍兴换-国网朗讯,2-SL16-1(SDH-1)
f-7,STM-16,222-绍兴换,28-N4SLQ16-2(SDH-2),绍兴换-国网朗讯,1-SL16-1(SDH-1)
f-6,STM-16,222-绍兴换,27-N4SLQ16-1(SDH-1),绍兴换-浙江思科,13-SL16-1(SDH-1)
f-5,STM-16,222-绍兴换,26-N4SLQ16-1(SDH-1),绍兴换-浙江思科,5-SL16-1(SDH-1)
f-4,STM-16,222-绍兴换,29-N4SLQ16-1(SDH-1),国网中兴,11-SL16-1(SDH-1)
f-3,STM-16,222-绍兴换,28-N4SLQ16-1(SDH-1),国网中兴,6-SL16-1(SDH-1)
f-2,STM-16,216-兰江2（灵绍）,13-N3SL16-1(SDH-1),222-绍兴换,13-N3SL16-1(SDH-1)
f-1,STM-16,216-兰江2（灵绍）,6-N3SL16-1(SDH-1),222-绍兴换,6-N3SL16-1(SDH-1)
f-22,STM-16,305-淮南站,12-N1SF16E-1(SDH-1),224-盱眙,12-N1SF16E-1(SDH-1)
f-21,STM-16,305-淮南站,7-N1SF16E-1(SDH-1),224-盱眙,7-N1SF16E-1(SDH-1)
f-19,STM-16,225-泰州站,12-N1SF16E-1(SDH-1),226-东洲,12-N1SF16E-1(SDH-1)
f-18,STM-16,225-泰州站,7-N1SF16E-1(SDH-1),226-东洲,7-N1SF16E-1(SDH-1)
f-17,STM-1,254-西南分部,6-N2SLO1-1(SDH-1),西南自动化路由器,6-SLO1-1(SDH-1)
f-16,STM-1,59-广安贵都,3-SFP-1(SDH-1),FH-Metro5000,10-STM1-1(SDH-1)
f-15,STM-1,37-京白广路,15-N1SLQ1-3(SDH-3),59-广安贵都,3-SFP-2(SDH-2)
f-14,STM-16,朗讯,7-SL16-1(SDH-1),202-宜宾换,7-N3SL16-1(SDH-1)
f-10,STM-4,38-京西单,14-N1SLQ4-2(SDH-2),56-高培OSN1500,4-Q1SL4-1(SDH-1)
f-7,STM-16,225-泰州站,6-N3SL16-1(SDH-1),224-盱眙,6-N3SL16-1(SDH-1)
f-6,STM-16,225-泰州站,13-N3SL16-1(SDH-1),224-盱眙,13-N3SL16-1(SDH-1)
f-5,STM-16,华为2.5G(重庆),7-SL16-1(SDH-1),253-重庆市调,30-N4SLQ16-1(SDH-1)
f-4,STM-16,218-桃乡,29-N3SL16-1(SDH-1),254-西南分部,31-N3SL16-1(SDH-1)
f-3,STM-16,218-桃乡,28-N3SL16-1(SDH-1),254-西南分部,30-N3SL16-1(SDH-1)
f-4,STM-16,209-宋埠变,12-N3SL16-1(SDH-1),33-鄂孝感,16-N2SL16-1(SDH-1)
f-3,STM-16,209-宋埠变,7-N3SL16-1(SDH-1),33-鄂孝感,14-N2SL16-1(SDH-1)
f-2,STM-16,祥符,8-SL16-1(SDH-1),白银Alcatel(兰银呼京),8-SL16-1(SDH-1)
f-8,STM-16,55-豫嵩山变,14-N3SL16-1(SDH-1),28-豫塔铺,14-N2SL16-1(SDH-1)
f-1,STM-16,52-河南省调,13-N3SL16-1(SDH-1),55-豫嵩山变,13-N3SL16-1(SDH-1)
f-5-OTN带,STM-16,203-板桥变,30-N4SLQ16-2(SDH-2),253-重庆市调,30-N4SLQ16-2(SDH-2)
f-4,STM-16,203-板桥变,2-N3SL16-1(SDH-1),253-重庆市调,28-N3SL16-1(SDH-1)
f-1,STM-16,217-洪沟变,26-N1SF16E-1(SDH-1),218-桃乡,26-N1SF16E-1(SDH-1)
f-2,STM-16,217-洪沟变,27-N1SF16E-1(SDH-1),218-桃乡,27-N1SF16E-1(SDH-1)
f-3,STM-16,217-洪沟变,31-N1SF16E-1(SDH-1),202-宜宾换,29-N1SF16E-1(SDH-1)
f-2,STM-16,203-板桥变,27-N1SF16E-1(SDH-1),217-洪沟变,29-N1SF16E-1(SDH-1)
f-1,STM-16,202-宜宾换,28-N1SF16E-1(SDH-1),217-洪沟变,30-N1SF16E-1(SDH-1)
f-10,STM-16,203-板桥变,26-N1SF16E-1(SDH-1),217-洪沟变,28-N1SF16E-1(SDH-1)
f-9,STM-4,中兴,5-SL4-1(SDH-1),528-银座(Metro1000V3),5-OI4D-1(SDH-1)
f-7,STM-16,张家坝重庆华为,5-SL16-1(SDH-1),板桥重庆华为,5-SL16-1(SDH-1)
f-6,STM-16,张家坝重庆华为,4-SL16-1(SDH-1),板桥重庆华为,4-SL16-1(SDH-1)
f-5,STM-16,204-张家坝变,5-N3SL16-1(SDH-1),张家坝重庆华为,8-SL16-1(SDH-1)
f-4,STM-16,204-张家坝变,4-N3SL16-1(SDH-1),张家坝重庆华为,7-SL16-1(SDH-1)
f-3,STM-16,203-板桥变,16-N3SL16-1(SDH-1),板桥重庆华为,8-SL16-1(SDH-1)
f-2,STM-16,203-板桥变,15-N3SL16-1(SDH-1),板桥重庆华为,7-SL16-1(SDH-1)
f-1,STM-1,42-白广路ZDH,16-N1SLQ1-1(SDH-1),NE10162,6-SL1-1(SDH-1)
f-4,STM-16,108-河西变,5-N1SF16-1(SDH-1),220-武胜2,6-N1SF16-1(SDH-1)
f-3,STM-16,220-武胜2,12-N4SLQ16-1(SDH-1),61-武胜变,11-N4SLQ16-1(SDH-1)
f-2,STM-16,220-武胜2,7-N4SLQ16-1(SDH-1),61-武胜变,8-N4SLQ16-1(SDH-1)
f-1,STM-16,108-河西变,8-N1SF16E-1(SDH-1),220-武胜2,13-N1SF16E-1(SDH-1)
f-19,STM-16,216-兰江2（灵绍）,27-N3SL16-1(SDH-1),214-金华换,27-N3SL16-1(SDH-1)
f-18,STM-16,216-兰江2（灵绍）,26-N3SL16-1(SDH-1),214-金华换,26-N3SL16-1(SDH-1)
f-17,STM-16,216-兰江2（灵绍）,29-N4SLQ16-1(SDH-1),213-兰江1（滨金）,31-N4SLQ16-2(SDH-2)
f-16,STM-16,216-兰江2（灵绍）,28-N4SLQ16-1(SDH-1),213-兰江1（滨金）,30-N4SLQ16-2(SDH-2)
f-15,STM-16,212-富阳变,29-N3SL16-1(SDH-1),216-兰江2（灵绍）,12-N3SL16-1(SDH-1)
f-14,STM-16,212-富阳变,28-N3SL16-1(SDH-1),216-兰江2（灵绍）,7-N3SL16-1(SDH-1)
f-13,STM-16,孝感中兴,16-SL16-1(SDH-1),33-鄂孝感,28-N2SL16-1(SDH-1)
f-12,STM-16,孝感中兴,14-SL16-1(SDH-1),33-鄂孝感,29-N2SL16-1(SDH-1)
f-11,STM-16,华为-安吉,12-SL16-1(SDH-1),金华换（中兴）,14-SL16-1(SDH-1)
f-10,STM-16,华为-安吉,11-SL16-1(SDH-1),金华换（中兴）,13-SL16-1(SDH-1)
f-9,STM-16,中兴-瓶窑,10-SL16-1(SDH-1),华为-安吉,10-SL16-1(SDH-1)
f-8,STM-16,中兴-瓶窑,9-SL16-1(SDH-1),华为-安吉,9-SL16-1(SDH-1)
龙政中兴连接,STM-4,中兴-斗笠,6-SL4-1(SDH-1),36-鄂斗笠,5-N1SLQ4-2(To ZTE 6-1)
f-6,STM-16,中兴-瓶窑,16-SL16-1(SDH-1),215-瓶窑,16-N3SL16-1(SDH-1)
f-5,STM-16,中兴-瓶窑,3-SL16-1(SDH-1),215-瓶窑,15-N3SL16-1(SDH-1)
f-2,STM-16,215-瓶窑,27-N3SL16-1(SDH-1),212-富阳变,7-N3SL16-1(SDH-1)
f-1,STM-16,215-瓶窑,26-N3SL16-1(SDH-1),212-富阳变,6-N3SL16-1(SDH-1)
f-6,STM-16,111-木钵变(庆北),27-N1SF16E-1(SDH-1),109-石城变,29-N1SF16E-1(SDH-1)
f-5,STM-16,109-石城变,28-N1SF16E-1(SDH-1),111-木钵变(庆北),26-N1SF16E-1(SDH-1)
f-4,STM-16,101-天山换1,27-N3SL16-1(SDH-1),133-国电绿洲电厂,12-N3SL16-1(SDH-1)
f-3,STM-16,133-国电绿洲电厂,13-N3SL16-1(SDH-1),131-国投南湖电厂,14-N3SL16-1(SDH-1)
f-2,STM-16,133-国电绿洲电厂,7-N3SL16-1(SDH-1),101-天山换1,26-N3SL16-1(SDH-1)
f-1,STM-16,131-国投南湖电厂,5-N3SL16-1(SDH-1),133-国电绿洲电厂,6-N3SL16-1(SDH-1)
f-4,STM-4,306-平圩电厂3期,16-N1SL4-1(SDH-1),平圩电厂(二期）    Metro1000（安徽）,3-622-1(SDH-1)
f-3,STM-4,306-平圩电厂3期,15-N1SL4-1(SDH-1),平圩电厂(二期）    Metro1000（安徽）,2-622-1(SDH-1)
f-2,STM-4,305-淮南站,27-N1SLD4-1(SDH-1),306-平圩电厂3期,6-N1SL4-1(SDH-1)
f-1,STM-4,305-淮南站,26-N1SLD4-1(SDH-1),306-平圩电厂3期,5-N1SL4-1(SDH-1)
f-5,STM-16,214-金华换,29-N3SL16-1(SDH-1),金华换（中兴）,11-SL16-1(SDH-1)
f-4,STM-16,214-金华换,28-N3SL16-1(SDH-1),金华换（中兴）,6-SL16-1(SDH-1)
f-3,STM-4,37-京白广路,14-N1SLQ4-2(SDH-2),飞华承载网华为,9-SL4-1(SDH-1)
f-2,STM-4,528-银座(Metro1000V3),2-OI4D-1(SDH-1),白广路中兴,11-SL4-1(SDH-1)
f-1,STM-16,132-神华花园电厂,11-N3SL16-1(SDH-1),118-天山换2,15-N3SL16-1(SDH-1)
f-3,STM-4,52-河南省调,4-N1SL4-1(SDH-1),河南华为,14-SL4-1(SDH-1)
f-16,STM-1,305-淮南站,17-N1SLH1-9(平圩电厂),平圩电厂(二期）    Metro1000（安徽）,10-STM1-1(SDH-1)
f-28,STM-16,305-淮南站,28-N1SLQ16-1(至中兴S385-4槽-1主),淮南中兴S385,4-SL16-1(SDH-1)
f-29,STM-16,305-淮南站,29-N1SLQ16-1(至中兴S385-5槽-1备),淮南中兴S385,5-SL16-1(SDH-1)
f-30,STM-16,304-肥西站,28-N1SLQ16-1(至中兴S385-4槽-1主),肥西中兴S385,4-SL16-1(SDH-1)
f-32,STM-16,303-芜湖,28-N1SLQ16-1(至中兴S385-4-槽-1主),芜湖中兴S385,4-SL16-1(SDH-1)
f-33,STM-16,303-芜湖,29-N1SLQ16-1(至中兴S385-5-槽-1备),芜湖中兴S385,5-SL16-1(SDH-1)
f-34,STM-16,302-安吉,28-N1SLQ16-1(至中兴S385-4槽-1口-主),皖电中兴S385,4-SL16-1(SDH-1)
f-35,STM-16,302-安吉,29-N1SLQ16-1(至中兴S385--5槽-1口(备)),皖电中兴S385,5-SL16-1(SDH-1)
f-36,STM-16,301-莲塘,28-N1SLQ16-1(至中兴S385-4槽-1主),莲塘中兴S385,4-SL16-1(SDH-1)
f-37,STM-16,301-莲塘,29-N1SLQ16-1(至中兴S385-5槽-1备),莲塘中兴S385,5-SL16-1(SDH-1)
f-38,STM-16,302-安吉,28-N1SLQ16-2(马可尼1664),马可尼1664,9-SL16-1(SDH-1)
f-39,STM-16,101-天山换1,4-N3SL16-1(SDH-1),哈密南换-西北网OSN3500,8-SL16-1(SDH-1)
f-40,STM-16,118-天山换2,4-N3SL16-1(至本站西北网OSN3500),哈密南换-西北网OSN3500,7-SL16-1(SDH-1)
f-41,STM-16,118-天山换2,16-N3SL16-1(SDH-1),哈密南换-省网S385,7-SL16-1(SDH-1)
f-42,STM-16,101-天山换1,16-N3SL16-1(SDH-1),哈密南换-省网S385,8-SL16-1(SDH-1)
f-43,STM-1,袁庄电厂       Metro1000,12-STM1-1(SDH-1),305-淮南站,3-N1SLH1-1(21-N1OU08.SDH-1)
f-44,STM-1,平圩电厂(二期）    Metro1000（安徽）,12-STM1-1(SDH-1),305-淮南站,3-N1SLH1-9(22-N1OU08.SDH-1)
官亭-兰州东（主）,STM-16,124-兰州东变,26-N3SL16-1(SDH-1),123-官亭变,28-N3SL16-1(SDH-1)
官亭-兰州东（备）,STM-16,124-兰州东变,27-N3SL16-1(SDH-1),123-官亭变,29-N3SL16-1(SDH-1)
f-1,STM-16,124-兰州东变,28-N1SF16E-1(SDH-1),125-平凉变,26-N1SF16E-1(SDH-1)
f-2,STM-16,124-兰州东变,29-N1SF16E-1(SDH-1),125-平凉变,27-N1SF16E-1(SDH-1)
f-3,STM-16,125-平凉变,28-N3SL16-1(SDH-1),126-乾县变,26-N3SL16-1(SDH-1)
f-4,STM-16,125-平凉变,29-N3SL16-1(SDH-1),126-乾县变,27-N3SL16-1(SDH-1)
f-5,STM-16,126-乾县变,28-N3SL16-1(SDH-1),127-信义变,26-N3SL16-1(SDH-1)
f-6,STM-16,126-乾县变,29-N3SL16-1(SDH-1),127-信义变,27-N3SL16-1(SDH-1)
f-7,STM-16,127-信义变,28-N3SL16-1(SDH-1),128-灵宝变,26-N3SL16-1(SDH-1)
f-8,STM-16,127-信义变,29-N3SL16-1(SDH-1),128-灵宝变,27-N3SL16-1(SDH-1)
f-9,STM-16,128-灵宝变,28-N1SF16-1(SDH-1),129-嘉禾变,26-N1SF16-1(SDH-1)
f-10,STM-16,128-灵宝变,29-N1SF16-1(SDH-1),129-嘉禾变,27-N1SF16-1(SDH-1)
f-11,STM-16,129-嘉禾变,28-N1SF16-1(SDH-1),130-中州换2,26-N1SF16-1(SDH-1)
f-12,STM-16,129-嘉禾变,29-N1SF16-1(SDH-1),130-中州换2,27-N1SF16-1(SDH-1)
f-13,STM-16,117-中州换1,29-N3SL16-1(站内二通道OSN7500),130-中州换2,30-N3SL16-1(站内一通道OSN7500)
f-3,STM-16,华中网1664,4-SL16-1(SDH-1),117-中州换1,30-N3SL16-1(站内华中网马可尼OMS1664)
f-4,STM-16,华中网1664,14-SL16-1(SDH-1),130-中州换2,31-N3SL16-1(站内华中网马可尼OMS1664)
f-5,STM-16,河南省网OSN7500,5-SL16-1(SDH-1),117-中州换1,31-N3SL16-1(站内河南省网OSN7500)
f-6,STM-16,河南省网OSN7500,14-SL16-1(SDH-1),130-中州换2,14-N3SL16-1(站内河南省网OSN7500)
f-1,STM-16,108-河西变,28-N1SF16E-1(SDH-1),109-石城变,26-N1SF16E-1(SDH-1)
f-2,STM-16,108-河西变,29-N1SF16E-1(SDH-1),109-石城变,27-N1SF16E-1(SDH-1)
f-6,STM-16,111-木钵变(庆北),28-N1SF16E-1(SDH-1),113-洛川,26-N1SF16E-1(SDH-1)
f-7,STM-16,111-木钵变(庆北),29-N1SF16E-1(SDH-1),113-洛川,27-N1SF16E-1(SDH-1)
f-8,STM-16,113-洛川,28-N1SF16E-1(SDH-1),115-临汾变,26-N1SF16E-1(SDH-1)
f-9,STM-16,113-洛川,29-N1SF16E-1(SDH-1),115-临汾变,27-N1SF16E-1(SDH-1)
f-2,STM-16,115-临汾变,28-N1SF16E-1(SDH-1),117-中州换1,26-N1SF16E-1(SDH-1)
f-3,STM-16,115-临汾变,29-N1SF16E-1(SDH-1),117-中州换1,27-N1SF16E-1(SDH-1)
f-1,STM-16,29-豫祥符,3-N2SL16-1(SDH-1),中州换2,7-SL16-1(SDH-1)
f-2,STM-16,29-豫祥符,4-N2SL16-1(SDH-1),中州换2,9-SL16-1(SDH-1)
f-3,STM-16,130-中州换2,28-N3SL16-1(SDH-1),祥符,3-SL16-1(SDH-1)
f-4,STM-16,130-中州换2,29-N3SL16-1(SDH-1),祥符,4-SL16-1(SDH-1)
银座环（西单-白广路）,STM-64,37-京白广路,28-N1SL64-1(SDH-1),38-京西单,29-N1SL64-1(SDH-1)
银座环-白广路-银座,STM-64,37-京白广路,29-N1SL64-1(SDH-1),54-银座,7-T2SL64-1(SDH-1)
银座环-西单-银座,STM-64,54-银座,12-N1SL64-1(SDH-1),38-京西单,28-N1SL64-1(SDH-1)
哈郑专题研究10G光路,STM-64,109-石城变,30-N1SL64-1(SDH-1),111-木钵变(庆北),30-N1SL64-1(SDH-1)
f-1,STM-16,203-板桥变,28-N3SL16-1(SDH-1),204-张家坝变,26-N3SL16-1(SDH-1)
f-2,STM-16,203-板桥变,29-N3SL16-1(SDH-1),204-张家坝变,27-N3SL16-1(SDH-1)
f-3,STM-16,204-张家坝变,28-N3SL16-1(SDH-1),205-恩施变,26-N3SL16-1(SDH-1)
f-4,STM-16,204-张家坝变,29-N3SL16-1(SDH-1),205-恩施变,27-N3SL16-1(SDH-1)
f-5,STM-16,205-恩施变,28-N3SL16-1(SDH-1),206-渔峡开关站,26-N3SL16-1(SDH-1)
f-6,STM-16,205-恩施变,29-N3SL16-1(SDH-1),206-渔峡开关站,27-N3SL16-1(SDH-1)
f-7,STM-16,206-渔峡开关站,28-N3SL16-1(SDH-1),207-兴隆变,26-N3SL16-1(SDH-1)
f-8,STM-16,206-渔峡开关站,29-N3SL16-1(SDH-1),207-兴隆变,27-N3SL16-1(SDH-1)
f-11,STM-16,208-斗笠变,28-N3SL16-1(SDH-1),209-宋埠变,26-N3SL16-1(SDH-1)
f-12,STM-16,208-斗笠变,29-N3SL16-1(SDH-1),209-宋埠变,27-N3SL16-1(SDH-1)
f-13,STM-16,210-春秋塘变,26-N3SL16-1(SDH-1),209-宋埠变,28-N3SL16-1(SDH-1)
f-14,STM-16,210-春秋塘变,27-N3SL16-1(SDH-1),209-宋埠变,29-N3SL16-1(SDH-1)
f-15,STM-16,210-春秋塘变,28-N3SL16-1(SDH-1),211-河沥变,26-N3SL16-1(SDH-1)
f-16,STM-16,210-春秋塘变,29-N3SL16-1(SDH-1),211-河沥变,27-N3SL16-1(SDH-1)
f-17,STM-16,211-河沥变,28-N3SL16-1(SDH-1),212-富阳变,26-N3SL16-1(SDH-1)
f-18,STM-16,211-河沥变,29-N3SL16-1(SDH-1),212-富阳变,27-N3SL16-1(SDH-1)
f-1,STM-64,27-豫仓颉,11-N1SL64-1(SDH-1),26-豫洹安,8-N1SL64-1(SDH-1)
f-2,STM-64,27-豫仓颉,8-N1SL64-1(SDH-1),26-豫洹安,11-N1SL64-1(SDH-1)
f-4,STM-16,207-兴隆变,28-N1SF16-1(SDH-1),208-斗笠变,26-N1SF16-1(SDH-1)
f-5,STM-16,207-兴隆变,29-N1SF16-1(SDH-1),208-斗笠变,27-N1SF16-1(SDH-1)
f-1,STM-1,46-白广路2,16-N2SLO1-1(SDH-1),运行公司Metro1000,4-SLO1-1(SDH-1)
f-2,STM-1,46-白广路2,18-N2SLO1-1(SDH-1),运行公司Metro1000,5-SLO1-1(SDH-1)
f-1,STM-4,36-鄂斗笠,14-N1SLQ4-1(SDH-1),208-斗笠变,16-N1SLQ4-1(SDH-1)
f-2,STM-4,36-鄂斗笠,14-N1SLQ4-2(SDH-2),208-斗笠变,16-N1SLQ4-2(SDH-2)
f-3,STM-1,212-富阳变,31-N2SLO1-1(SDH-1),富阳阿尔卡特,15-SL1-1(SDH-1)
f-4,STM-16,201-宜宾换（扩）,8-N3SL16-1(SDH-1),202-宜宾换,8-N3SL16-1(SDH-1)
f-5,STM-16,201-宜宾换（扩）,11-N3SL16-1(SDH-1),202-宜宾换,11-N3SL16-1(SDH-1)
f-9,STM-16,200-溪洛渡左岸,28-N3SL16-1(SDH-1),202-宜宾换,26-N3SL16-1(SDH-1)
f-10,STM-16,202-宜宾换,27-N3SL16-1(SDH-1),200-溪洛渡左岸,29-N3SL16-1(SDH-1)
f-18,STM-16,101-天山换1,5-N3SL16-1(SDH-1),131-国投南湖电厂,11-N3SL16-1(SDH-1)
f-19,STM-16,101-天山换1,15-N3SL16-1(SDH-1),131-国投南湖电厂,12-N3SL16-1(SDH-1)
f-20,STM-16,118-天山换2,5-N3SL16-1(SDH-1),132-神华花园电厂,8-N1SLD16-1(SDH-1)
f-22,STM-16,202-宜宾换,12-N3SL16-1(SDH-1),朗讯,12-SL16-1(SDH-1)
f-1,STM-16,朗讯-金华,8-SL16-1(SDH-1),214-金华换,8-N3SL16-1(SDH-1)
f-2,STM-16,214-金华换,11-N3SL16-1(SDH-1),朗讯-金华,11-SL16-1(SDH-1)
to cisco 5-7,STM-4,214-金华换,6-N1SLQ4-1(SDH-1),浙江思科,7-SL4-1(SDH-1)
to cisco 15-7,STM-4,214-金华换,13-N1SLQ4-1(SDH-1),浙江思科,8-SL4-1(SDH-1)
to cisco 4-7,STM-4,212-富阳变,8-N1SLQ4-1(SDH-1),浙江思科,11-SL4-1(SDH-1)
to cisco 14-7,STM-4,212-富阳变,11-N1SLQ4-1(SDH-1),浙江思科,12-SL4-1(SDH-1)
f-6,STM-4,203-板桥变,14-N1SLQ4-1(SDH-1),板桥重庆中兴6-1,6-SL4-1(SDH-1)
f-7,STM-4,204-张家坝变,14-N1SLQ4-1(SDH-1),张家坝重庆中兴7-1,7-SL4-1(SDH-1)
f-8,STM-1,国网诺西      Hit7065,1-SLO1-1(SDH-1),拉萨换诺西HIT7065,20-SLO1-1(SDH-1)
f-9,STM-1,国网诺西      Hit7065,1-SLO1-2(SDH-2),拉萨换诺西HIT7065,20-SLO1-2(SDH-2)
f-10,STM-1,国网诺西      Hit7065,1-SLO1-3(SDH-3),拉萨换诺西HIT7065,20-SLO1-3(SDH-3)
f-11,STM-1,国网诺西      Hit7065,1-SLO1-4(SDH-4),拉萨换诺西HIT7065,20-SLO1-4(SDH-4)
f-1,STM-4,54-银座,5-N1SLQ4-1(SDH-1),528-银座(Metro1000V3),5-OI4D-2(SDH-2)
f-1,STM-16,302-安吉,8-N3SL16-1(SDH-1),浙福中兴S385,8-SL16-1(SDH-1)
f-2,STM-16,302-安吉,11-N3SL16-1(SDH-1),浙福中兴S385,11-SL16-1(SDH-1)
f-1,STM-16,42-白广路ZDH,13-N2SL16-1(SDH-1),37-京白广路,7-N2SL16-1(SDH-1)
f-2,STM-16,41-西单ZDH,7-N2SL16-1(SDH-1),38-京西单,12-N2SL16-1(SDH-1)
f-3,STM-16,42-白广路ZDH,6-N2SL16-1(SDH-1),41-西单ZDH,12-N2SL16-1(SDH-1)
f-6,STM-16,FH-Metro5000,1-O16-1(SDH-1),37-京白广路,30-N2SL16-1( 至飞华Metro5000-2 14-SD16-1)
f-2,STM-16,34-鄂凤凰山,14-N2SL16-1(SDH-1),凤凰山西门子、马可尼、阿尔卡特,1-31-1(SDH-1)
f-7,STM-16,34-鄂凤凰山,15-N2SL16-1(SDH-1),凤凰山西门子、马可尼、阿尔卡特,2-31-1(SDH-1)
f-8,STM-4,33-鄂孝感,5-N1SLQ4-1(SDH-1),孝感（西门子）,20-411-1(414)
f-9,STM-4,34-鄂凤凰山,5-N1SLD4-1(SDH-1),凤凰山西门子、马可尼、阿尔卡特,3-413-1(SDH-1)
华为31-中兴7,STM-16,38-京西单,31-N1SL16-1(SDH-1),中兴,1-7-1(SDH-1)
f-13,STM-4,华北Mar,18-622-1(SDH-1),43-华北局,13-N1SLQ4-1(SDH-1)
f-17,STM-1,烽火,10-12-1(SDH-1),37-京白广路,15-N1SLQ1-1(SDH-1)
f-151,STM-16,2-辽沙岭,11-S16-1(SDH-1),高台,4-I6-1(SDH-1)
f-132,STM-4,华中Marconi2.5G,5-11-1(SDH-1),29-豫祥符,5-N1SLD4-1(SDH-1)
f-127,STM-16,华中网调Marconi 10G,13-23-1(SDH-1),35-鄂华中网调,14-N1SL16-1(SDH-1)
f-125,STM-4,华中网调Siemens,11-411-1(SDH-1),35-鄂华中网调,5-N1SLD4-2(SDH-2)
f-159,STM-64,35-鄂华中网调,8-N1SL64-1(SDH-1),34-鄂凤凰山,11-N1SL64-1(SDH-1)
f-154,STM-4,38-京西单,5-N1SLQ4-2(SDH-2),已退运-国调Siemens,9-209-1(SDH-1)
f-148,STM-16,28-豫塔铺,13-N1SL16-1(SDH-1),嵩山XDM500,3-IC3-1(SDH-1)
f-112,STM-64,37-京白广路,8-N1SL64-1(SDH-1),20-京房山,12-N1SL64-1(SDH-1)
f-141,STM-4,36-鄂斗笠,5-N1SLQ4-1(To Siemens 304-1),鄂斗笠（西门子）,4-304-1(SDH-1)
f-157,STM-64,35-鄂华中网调,11-N1SL64-1(SDH-1),40-木兰,7-N1SL64-1(SDH-1)
f-158,STM-64,40-木兰,12-N1SL64-1(SDH-1),33-鄂孝感,12-T2SL64-1(SDH-1)
f-153,STM-16,35-鄂华中网调,12-N1SL16-1(SDH-1),湖北省调OSN7500,4-28-1(SDH-1)
f-147,STM-64,39-豫花都,11-N2SL64-1(SDH-1),29-豫祥符,7-N1SL64-1(SDH-1)
f-143,STM-4,36-鄂斗笠,5-N1SLQ4-3(To Siemens 304-3),鄂斗笠（西门子）,4-304-3(SDH-3)
f-146(主用),STM-64,39-豫花都,8-N2SL64-1(SDH-1),29-豫祥符,12-N1SL64-1(SDH-1)
f-145,STM-64,30-豫邵陵,12-N1SL64-1(SDH-1),39-豫花都,7-N2SL64-1(SDH-1)
f-144(主用),STM-64,30-豫邵陵,7-N1SL64-1(SDH-1),39-豫花都,12-N2SL64-1(SDH-1)
f-131,STM-4,华北NEC WBM,11-11-1(SDH-1),25-冀辛安,5-N1SLD4-1(SDH-1)
f-124,STM-16,37-京白广路,13-N2SL16-1(SDH-1),备调Siemens103-2,3-103-1(SDH-1)
f-20,STM-64,45-白广路1,12-T2SL64-1(SDH-1),47-西单1,7-T2SL64-1(SDH-1)
f-22(主用),STM-16,46-白广路2,4-N1SLQ16-2(SDH-2),37-京白广路,26-N3SL16-1(SDH-1)
f-24,STM-16,46-白广路2,4-N1SLQ16-4(SDH-4),45-白广路1,4-N1SLQ16-4(SDH-4)
f-25(主用),STM-16,38-京西单,26-N2SL16-1(SDH-1),47-西单1,4-N1SLQ16-2(SDH-2)
f-26,STM-16,47-西单1,5-N1SLQ16-2(SDH-2),38-京西单,27-N2SL16-1(SDH-1)
f-8,STM-64,49-容灾中心1,12-T2SL64-1(SDH-1),45-白广路1,7-T2SL64-1(SDH-1)
f-9,STM-64,48-西单2,12-T2SL64-1(SDH-1),50-容灾中心2,7-T2SL64-1(SDH-1)
f-10,STM-64,50-容灾中心2,12-T2SL64-1(SDH-1),46-白广路2,7-T2SL64-1(SDH-1)
f-14,STM-16,1-辽东北网调,6-S16-1(SDH-1),鞍山(中兴),13-I6-1(SDH-1)
f-16,STM-16,34-鄂凤凰山,6-N1SL16-1(SDH-1),51-湖北省调,8-N3SL16-1(SDH-1)
f-19,STM-1,湖北省调（西门子）,14-415-1(SDH-1),51-湖北省调,15-N1SLQ1-1(SDH-1)
f-20(主用),STM-16,22-冀石北,6-N1SL16-1(SDH-1),53-河北省调,8-N2SL16-1(SDH-1)
f-21,STM-16,22-冀石北,13-N1SL16-1(SDH-1),53-河北省调,11-N2SL16-1(SDH-1)
f-22,STM-1,河北ECI,5-155-3(SDH-3),53-河北省调,15-N1SLQ1-1(SDH-1)
f-24,STM-4,飞华Metro1000,2-OI4-1(SDH-1),35-鄂华中网调,4-N1SLD4-2(飞华Metro1000  2-OI4)
f-25,STM-16,50-容灾中心2,4-N1SLQ16-2(SDH-2),49-容灾中心1,4-N1SLQ16-2(SDH-2)
f-5,STM-16,73-拉萨换流站,12-N1SF16-1(SDH-1),72-那曲中继站,12-N1SF16-1(SDH-1)
f-6,STM-16,73-拉萨换流站,7-N1SF16-1(SDH-1),72-那曲中继站,7-N1SF16-1(SDH-1)
f-7,STM-16,72-那曲中继站,13-N3SL16-1(SDH-1),71-安多中继站,13-N3SL16-1(SDH-1)
f-10,STM-16,71-安多中继站,7-N1SF16-1(SDH-1),70-沱沱河,7-N1SF16-1(SDH-1)
f-11,STM-16,70-沱沱河,13-N3SL16-1(SDH-1),69-五道梁中继站,13-N3SL16-1(SDH-1)
f-13,STM-16,69-五道梁中继站,12-N3SL16-1(SDH-1),68-纳赤台,12-N3SL16-1(SDH-1)
f-14,STM-16,69-五道梁中继站,7-N3SL16-1(SDH-1),68-纳赤台,7-N3SL16-1(SDH-1)
f-8,STM-16,64-刚察变,12-N1SF16-1(SDH-1),62-西宁变,13-N1SF16-1(SDH-1)
f-13,STM-16,66-巴隆变,6-N1SF16-1(SDH-1),67-柴达木换流站,7-N1SF16-1(SDH-1)
f-14,STM-16,66-巴隆变,13-N1SF16-1(SDH-1),67-柴达木换流站,12-N1SF16-1(SDH-1)
f-2,STM-16,60-白银变,12-N3SL16-1(SDH-1),61-武胜变,12-N3SL16-1(SDH-1)
f-1,STM-16,66-巴隆变,7-N3SL16-1(SDH-1),65-海西开关站,7-N3SL16-1(SDH-1)
f-2,STM-16,66-巴隆变,12-N3SL16-1(SDH-1),65-海西开关站,12-N3SL16-1(SDH-1)
f-3,STM-16,65-海西开关站,6-N1SF16-1(SDH-1),64-刚察变,6-N1SF16-1(SDH-1)
f-6,STM-16,60-白银变,13-N3SL16-1(对接 白银变Alcatel 37槽位),白银Alcatel(兰银呼京),6-SL16-1(SDH-1)
f-7,STM-16,63-青海省调,6-N3SL16-1(SDH-1),62-西宁变,4-N3SL16-1(SDH-1)
f-8,STM-16,62-西宁变,15-N3SL16-1(SDH-1),63-青海省调,13-N3SL16-1(SDH-1)
f-2,STM-16,67-柴达木换流站,31-N3SL16-1(SDH-1),68-纳赤台,13-N3SL16-1(SDH-1)
f-9,STM-16,70-沱沱河,12-N1SF16-1(SDH-1),71-安多中继站,12-N1SF16-1(SDH-1)
f-1,STM-16,73-拉萨换流站,6-N3SL16-1(SDH-1),74-西藏区调,6-N3SL16-1(SDH-1)
f-2,STM-16,西北华为,5-I5-1(SDH-1),67-柴达木换流站,13-N3SL16-1(SDH-1)
f-4,STM-16,62-西宁变,18-N3SL16-1(SDH-1),西宁变（西北华为）,13-SL16-1(SDH-1)
f-1,STM-4,74-西藏区调,5-N1SLQ4-1(SDH-1),西藏区调三级网中兴385,6-OI4-1(SDH-1)
f-2,STM-16,区调诺西HIT7065,4-SL16-1(SDH-1),74-西藏区调,14-N3SL16-1(SDH-1)
f-3,STM-16,73-拉萨换流站,14-N3SL16-1(SDH-1),拉萨换诺西HIT7065,4-SL16-1(SDH-1)
f-1,STM-16,青海华为（OSN3500）,5-SL16-1(SDH-1),67-柴达木换流站,5-N3SL16-1(SDH-1)
f-6,STM-16,67-柴达木换流站,6-N3SL16-1(SDH-1),国网诺西      Hit7065,5-SL16-1(SDH-1)
f-4,STM-1,41-西单ZDH,14-N1SLQ1-3(SDH-3),自动化路由器,1-4-2(SDH-2)
f-1,STM-1,22-冀石北,18-N1SLQ1-1(SDH-1),石北Marconi,5-SLO1-1(SDH-1)
f-5,STM-1,郑州变,10-SLO1-1(SDH-1),嵩山XDM500,10-SLO1-1(SDH-1)
f-7,STM-16,青海华为（OSN3500）,2-SL16-1(SDH-1),西宁变（西北华为）,2-SL16-1(SDH-1)
f-1,STM-1,郑州变,10-SLO1-2(SDH-2),嵩山XDM500,10-SLO1-2(SDH-2)
f-2,STM-16,郑州变,17-SL16-1(SDH-1),嵩山XDM500,17-SL16-1(SDH-1)
f-1,STM-16,22-冀石北,31-N2SL16-1(SDH-1),河北（华为）,1-SL16-1(SDH-1)
f-1,STM-4,38-京西单,14-N1SLQ4-1(SDH-1),6572-国网管理学院,5-OI4D-1(SDH-1)
华北－国网管理学院（经华北马可尼）,STM-4,43-华北局,6-N1SLQ4-2(SDH-2),华北Mar,1-SL4-1(SDH-1)
15－SLQ1－1    I6－1,STM-1,36-鄂斗笠,15-N1SLQ1-1(SDH-1),斗笠ECI－1,1-SL1-1(SDH-1)
黑龙江11-1---运营商,STM-4,FH-黑省调,1-SL4-1(SDH-1),8-黑省调,11-SL4-1(SDH-1)
飞华东北环一   租用：黑龙江-白广路,STM-4,FH-黑省调,2-SL4-1(SDH-1),高台,18-SL4-1(SDH-1)
f-1,STM-16,37-京白广路,31-N3SL16-1(SDH-1),阿尔卡特,1-SL16-1(SDH-1)
f-5,STM-64,37-京白广路,11-N1SL64-1(SDH-1),43-华北局,8-N1SL64-1(SDH-1)
f-11,STM-1,自动化路由器,1-4-1(SDH-1),41-西单ZDH,4-N2SLO1-6(SDH-6)
f-163,STM-64,34-鄂凤凰山,8-N1SL64-1(SDH-1),33-鄂孝感,7-T2SL64-1(SDH-1)
f-110(主用),STM-64,22-冀石北,8-T2SL64-1(SDH-1),23-冀彭村,11-N1SL64-1(SDH-1)
f-133,STM-4,FH-Metro5000,13-13-1(SDH-1),37-京白广路,14-N1SLQ4-1( 至飞华Metro5000-1 13-SLQ4A-1)
f-19,STM-16,北张-Mar,10-I6-1(SDH-1),23-冀彭村,6-N2SL16-1(SDH-1)
f-21,STM-64,48-西单2,7-T2SL64-1(SDH-1),46-白广路2,12-T2SL64-1(SDH-1)
f-7,STM-64,47-西单1,12-T2SL64-1(SDH-1),49-容灾中心1,7-T2SL64-1(SDH-1)
f-15(主用),STM-16,34-鄂凤凰山,13-N1SL16-1(SDH-1),51-湖北省调,11-N3SL16-1(SDH-1)
f-7,STM-16,64-刚察变,7-N1SF16-1(SDH-1),62-西宁变,6-N1SF16-1(SDH-1)
f-4,STM-16,65-海西开关站,13-N1SF16-1(SDH-1),64-刚察变,13-N1SF16-1(SDH-1)
f-1,STM-16,67-柴达木换流站,30-N3SL16-1(SDH-1),68-纳赤台,6-N3SL16-1(SDH-1)
f-3（主用）、,STM-16,62-西宁变,3-N3SL16-1(SDH-1),西宁变（西北华为）,6-SL16-1(SDH-1)
f-5,STM-4,71-安多中继站,4-N1SLQ4-1(SDH-1),安多中兴330,4-OI4-1(SDH-1)
f-4,STM-16,37-京白广路,12-N2SL16-1(SDH-1),38-京西单,7-N2SL16-1(SDH-1)
f-12,STM-4,华北NEC,20-622-1(SDH-1),43-华北局,6-N1SLQ4-1(SDH-1)
f-126,STM-16,华中网调Marconi2.5G,13-23-1(SDH-1),35-鄂华中网调,13-N1SL16-1(SDH-1)
f-122,STM-16,37-京白广路,6-N2SL16-1(SDH-1),备调（ECI10G-I2-1),2-I2-1(SDH-1)
f-149,STM-16,2-辽沙岭,4-S16-1(SDH-1),高台,3-I6-1(SDH-1)
f-23,STM-16,46-白广路2,5-N1SLQ16-2(SDH-2),37-京白广路,27-N3SL16-1(SDH-1)
f-13,STM-16,1-辽东北网调,5-S16-1(SDH-1),鞍山(中兴),12-I6-1(SDH-1)
f-18,STM-4,51-湖北省调,5-N1SL4-1(SDH-1),湖北(华为),19-622-3(SDH-3)
f-25,STM-16,52-河南省调,7-N3SL16-1(SDH-1),29-豫祥符,13-N2SL16-1(SDH-1)
f-12,STM-16,70-沱沱河,6-N3SL16-1(SDH-1),69-五道梁中继站,6-N3SL16-1(SDH-1)
f-1,STM-16,60-白银变,7-N3SL16-1(SDH-1),61-武胜变,7-N3SL16-1(SDH-1)
省干光纤(60-白银变-Alcatel166)F001/光纤,STM-16,60-白银变,6-N3SL16-1(对接 白银变Alcatel 36槽位),白银Alcatel(兰银呼京),4-SL16-1(SDH-1)
f-1,STM-16,73-拉萨换流站,13-N3SL16-1(SDH-1),74-西藏区调,13-N3SL16-1(SDH-1)
f-4,STM-16,拉萨换（三级网中兴S385）,4-SL16-1(SDH-1),73-拉萨换流站,8-N3SL16-1(SDH-1)
f-3(31-26),STM-16,25-冀辛安,31-N2SL16-1(SDH-1),河北（华为）,16-SL16-1(SDH-1)
f-3,STM-4,华北Mar,2-SL4-1(SDH-1),6572-国网管理学院,5-OI4D-2(SDH-2)
f-8,STM-16,72-那曲中继站,6-N3SL16-1(SDH-1),71-安多中继站,6-N3SL16-1(SDH-1)
f-1,STM-16,122-鱼卡开关站,28-N3SL16-1(SDH-1),67-柴达木换流站,17-N3SL16-1(SDH-1)
f-2,STM-16,67-柴达木换流站,18-N3SL16-1(SDH-1),122-鱼卡开关站,29-N3SL16-1(SDH-1)
f-3,STM-16,122-鱼卡开关站,26-N1SF16E-1(SDH-1),120-沙洲变,28-N1SF16E-1(SDH-1)
f-4,STM-16,122-鱼卡开关站,27-N1SF16E-1(SDH-1),120-沙洲变,29-N1SF16E-1(SDH-1)
f-5,STM-16,119-烟墩变,28-N1SF16E-1(SDH-1),120-沙洲变,26-N1SF16E-1(SDH-1)
f-6,STM-16,119-烟墩变,29-N1SF16E-1(SDH-1),120-沙洲变,27-N1SF16E-1(SDH-1)
f-7,STM-16,118-天山换2,28-N3SL16-1(SDH-1),119-烟墩变,26-N3SL16-1(SDH-1)
f-8,STM-16,118-天山换2,29-N3SL16-1(SDH-1),119-烟墩变,27-N3SL16-1(SDH-1)
f-1,STM-16,101-天山换1,28-N3SL16-1(SDH-1),102-哈密变,26-N3SL16-1(SDH-1)
f-2,STM-16,101-天山换1,29-N3SL16-1(SDH-1),102-哈密变,27-N3SL16-1(SDH-1)
f-3,STM-16,102-哈密变,28-N3SL16-1(SDH-1),103-东疆变,26-N3SL16-1(SDH-1)
f-4,STM-16,102-哈密变,29-N3SL16-1(SDH-1),103-东疆变,27-N3SL16-1(SDH-1)
f-5,STM-16,103-东疆变,28-N1SF16E-1(SDH-1),104-敦煌变,26-N1SF16E-1(SDH-1)
f-6,STM-16,103-东疆变,29-N1SF16E-1(SDH-1),104-敦煌变,27-N1SF16E-1(SDH-1)
f-9,STM-16,118-天山换2,30-N3SL16-1(SDH-1),101-天山换1,30-N3SL16-1(SDH-1)
f-10,STM-16,甘肃ALCATEL,3-SL16-1(SDH-1),120-沙洲变,30-N3SL16-1(SDH-1)
f-1,STM-4,1-辽东北网调,2-SL4-1(SDH-1),FH-辽宁Metro1000,1-OI4-1(SDH-1)
飞华东北环二,STM-4,FH-辽宁Metro1000,2-OI4-1(SDH-1),FH-黑省调,4-SL4-1(SDH-1)
f-3,STM-16,123-官亭变,26-N3SL16-1(SDH-1),62-西宁变,7-N3SL16-1(官亭变)
f-4,STM-16,123-官亭变,27-N3SL16-1(SDH-1),62-西宁变,8-N3SL16-1(官亭变)
f-3,STM-16,106-酒泉变,28-N1SF16-1(SDH-1),107-张掖变,26-N1SF16-1(SDH-1)
f-4,STM-16,106-酒泉变,29-N1SF16-1(SDH-1),107-张掖变,27-N1SF16-1(SDH-1)
f-5,STM-16,107-张掖变,28-N1SF16-1(SDH-1),108-河西变,26-N1SF16-1(SDH-1)
f-6,STM-16,107-张掖变,29-N1SF16-1(SDH-1),108-河西变,27-N1SF16-1(SDH-1)
f-7,STM-16,301-莲塘,7-N3SL16-1(SDH-1),302-安吉,7-N3SL16-1(SDH-1)
f-8,STM-16,301-莲塘,12-N3SL16-1(SDH-1),302-安吉,12-N3SL16-1(SDH-1)
f-9,STM-16,302-安吉,6-N3SL16-1(SDH-1),303-芜湖,6-N3SL16-1(SDH-1)
f-10,STM-16,302-安吉,13-N3SL16-1(SDH-1),303-芜湖,13-N3SL16-1(SDH-1)
f-11,STM-16,305-淮南站,6-N3SL16-1(SDH-1),304-肥西站,6-N3SL16-1(SDH-1)
f-12,STM-16,305-淮南站,13-N3SL16-1(SDH-1),304-肥西站,13-N3SL16-1(SDH-1)
f-13,STM-16,304-肥西站,7-N1SF16E-1(SDH-1),303-芜湖,7-N1SF16E-1(SDH-1)
f-14,STM-16,304-肥西站,12-N1SF16E-1(SDH-1),303-芜湖,12-N1SF16E-1(SDH-1)
f-15,STM-1,305-淮南站,17-N1SLH1-1(袁庄电厂),袁庄电厂       Metro1000,10-STM1-1(SDH-1)
f-65,STM-16,33-鄂孝感,6-N1SL16-1(SDH-1),36-鄂斗笠,11-N1SL16-1(SDH-1)
f-39,STM-64,28-豫塔铺,8-N1SL64-1(SDH-1),29-豫祥符,11-N1SL64-1(SDH-1)
f-38(主用),STM-64,28-豫塔铺,11-N1SL64-1(SDH-1),29-豫祥符,8-N1SL64-1(SDH-1)
f-104,STM-64,32-豫浉河,8-N1SF64-1(SDH-1),33-鄂孝感,11-N1SF64-1(SDH-1)
f-103(主用),STM-64,32-豫浉河,11-N1SF64-1(SDH-1),33-鄂孝感,8-N1SF64-1(SDH-1)
f-99(主用),STM-64,20-京房山,11-N1SL64-1(SDH-1),21-冀保北,8-N1SL64-1(SDH-1)
f-97,STM-64,20-京房山,7-N1SL64-1(SDH-1),38-京西单,11-N1SL64-1(SDH-1)
f-26,STM-64,31-豫嵖岈,7-N1SL64-1(SDH-1),32-豫浉河,12-N1SL64-1(SDH-1)
f-25(主用),STM-64,31-豫嵖岈,12-N1SL64-1(SDH-1),32-豫浉河,7-N1SL64-1(SDH-1)
f-24,STM-64,30-豫邵陵,8-N1SL64-1(SDH-1),31-豫嵖岈,11-N1SL64-1(SDH-1)
f-10,STM-16,11-吉省调,10-S16-1(SDH-1),6-吉包家,5-S16-1(SDH-1)
f-8,STM-16,10-黑永源,9-S16-1(SDH-1),8-黑省调,9-S16-1(SDH-1)
f-5,STM-16,5-吉合心,9-S16-1(SDH-1),6-吉包家,6-S16-1(SDH-1)
f-2,STM-16,2-辽沙岭,9-S16-1(SDH-1),3-蒲河,5-S16-1(SDH-1)
f-1,STM-16,1-辽东北网调,9-S16-1(SDH-1),2-辽沙岭,5-S16-1(SDH-1)
f-109,STM-64,22-冀石北,11-T2SL64-1(SDH-1),23-冀彭村,8-N1SL64-1(SDH-1)
f-23(主用),STM-64,30-豫邵陵,11-N1SL64-1(SDH-1),31-豫嵖岈,8-N1SL64-1(SDH-1)
f-7,STM-64,21-冀保北,7-N1SF64-1(SDH-1),22-冀石北,12-N1SF64-1(SDH-1)
f-42,STM-16,郑州变,8-I8-1(SDH-1),29-豫祥符,6-N1SL16-1(SDH-1)
f-19,STM-16,7-吉榆树,6-S16-1(SDH-1),6-吉包家,10-S16-1(SDH-1)
f-13,STM-16,3-蒲河,10-S16-1(SDH-1),4-吉四平,6-S16-1(SDH-1)
f-12,STM-16,2-辽沙岭,10-S16-1(SDH-1),3-蒲河,6-S16-1(SDH-1)
f-11,STM-16,1-辽东北网调,10-S16-1(SDH-1),2-辽沙岭,6-S16-1(SDH-1)
f-7,STM-16,7-吉榆树,9-S16-1(SDH-1),10-黑永源,5-S16-1(SDH-1)
f-6,STM-16,6-吉包家,9-S16-1(SDH-1),7-吉榆树,5-S16-1(SDH-1)
f-36(主用),STM-64,27-豫仓颉,12-N1SL64-1(SDH-1),28-豫塔铺,7-N1SL64-1(SDH-1)
f-6(主用),STM-64,21-冀保北,12-N1SF64-1(SDH-1),22-冀石北,7-N1SF64-1(SDH-1)
f-4,STM-16,4-吉四平,9-S16-1(SDH-1),5-吉合心,5-S16-1(SDH-1)
f-17,STM-16,8-黑省调,10-S16-1(SDH-1),10-黑永源,10-S16-1(SDH-1)
f-9,STM-16,5-吉合心,10-S16-1(SDH-1),11-吉省调,9-S16-1(SDH-1)
f-37,STM-64,27-豫仓颉,7-N1SL64-1(SDH-1),28-豫塔铺,12-N1SL64-1(SDH-1)
f-6,STM-64,43-华北局,11-N1SL64-1(SDH-1),38-京西单,8-N1SL64-1(SDH-1)
f-18,STM-16,10-黑永源,6-S16-1(SDH-1),7-吉榆树,10-S16-1(SDH-1)
f-14,STM-16,4-吉四平,10-S16-1(SDH-1),5-吉合心,6-S16-1(SDH-1)
f-3,STM-16,3-蒲河,9-S16-1(SDH-1),4-吉四平,5-S16-1(SDH-1)
f-64(主用),STM-16,33-鄂孝感,13-N1SL16-1(SDH-1),36-鄂斗笠,8-N1SL16-1(SDH-1)
f-100,STM-64,20-京房山,8-N1SL64-1(SDH-1),21-冀保北,11-N1SL64-1(SDH-1)
